8.164130849763751e-05,0.05729277431964874
9.553209383739159e-05,0.05370878428220749
0.00011743684444809332,0.032991696149110794
0.00013434588618110865,0.0272495299577713
0.00014225137419998646,0.11437679827213287
0.00014871744497213513,0.032358910888433456
0.00017421269149053842,0.019721878692507744
0.00018041497969534248,0.11518479138612747
0.00019591354066506028,0.05575963854789734
0.00022641212854068726,0.056627918034791946
0.00023568616597913206,0.07208682596683502
0.00023899145890027285,0.20924770832061768
0.0003002755402121693,0.06511548906564713
0.0003022554446943104,0.06916055828332901
0.0003065908094868064,0.03824936971068382
0.0003107600496150553,0.04216723516583443
0.00031704071443527937,0.03854997456073761
0.0003190710849594325,0.05928186699748039
0.0003200758364982903,0.05586168169975281
0.00032733421539887786,0.014603342860937119
0.00033747791894711554,0.004915859550237656
0.0003393208608031273,0.06114789471030235
0.0003461320884525776,0.04568484425544739
0.0003619011549744755,0.028158677741885185
0.00036496081156656146,0.08850158751010895
0.0003867394116241485,0.004679890815168619
0.0003877876151818782,0.05445180833339691
0.00039467847091145813,0.11140208691358566
0.0003969584358856082,0.021299894899129868
0.0004050162388011813,0.039011821150779724
0.0004094097821507603,0.08592835068702698
0.0005318878102116287,0.0011446814751252532
0.0005485738511197269,0.04978979751467705
0.000552734883967787,0.034936971962451935
0.0005553520750254393,0.031430844217538834
0.0005607385537587106,0.10890456289052963
0.0005888806190341711,0.0007786800269968808
0.0005999597487971187,0.038126613944768906
0.0006224382668733597,0.03456712141633034
0.0006305922870524228,0.01410913746803999
0.0006429400527849793,0.06659407913684845
0.0006453824462369084,0.026734115555882454
0.0006528151570819318,0.05546378716826439
0.0006724323029629886,0.13944879174232483
0.0006805447628721595,0.021084021776914597
0.0006855985848233104,0.04088599234819412
0.0007123181712813675,0.08758624643087387
0.000718665134627372,0.14372040331363678
0.0007371645187959075,0.05148743465542793
0.0007380679016932845,0.022759659215807915
0.0007543404935859144,0.0382804311811924
0.0007759237778373063,0.014667672105133533
0.0007896317401900887,0.04986603185534477
0.0007942484226077795,0.07721881568431854
0.0007976079941727221,0.12918558716773987
0.0008005712297745049,0.004154130816459656
0.000804545299615711,0.006859287619590759
0.0008155350806191564,0.009561228565871716
0.0008195189293473959,0.03880797326564789
0.0008248143712989986,0.03969597443938255
0.0008477573283016682,0.011683863587677479
0.0008570022182539105,0.024160511791706085
0.000863576540723443,0.00970714632421732
0.0008670028764754534,0.029762346297502518
0.0008744130609557033,0.055233582854270935
0.0008809086866676807,0.042773544788360596
0.0008991827489808202,0.017353329807519913
0.00092453503748402,0.2100759893655777
0.0009295902564190328,0.04719284176826477
0.0009335379581898451,0.028719119727611542
0.0009374861838296056,0.02412402257323265
0.0009468233911320567,0.041027963161468506
0.0009711956372484565,0.017744677141308784
0.0009841897990554571,0.026364745572209358
0.0009965709177777171,0.02295750379562378
0.00100775808095932,0.10269834846258163
0.001085166004486382,0.3701172471046448
0.0011066723382100463,0.13098473846912384
0.0011080598924309015,0.18621255457401276
0.0011510071344673634,0.036298517137765884
0.0011524667497724295,0.1893438845872879
0.0011596245458349586,0.027192072942852974
0.0011732673738151789,0.07305926084518433
0.0011739116162061691,0.002801589434966445
0.0011907711159437895,0.08567855507135391
0.001209066598676145,0.027935342863202095
0.001234480645507574,0.03435942903161049
0.0012368549359962344,0.07349970191717148
0.0012425672030076385,0.12129688262939453
0.0012744548730552197,0.09566877037286758
0.0012887667398899794,0.11875462532043457
0.0012892039958387613,0.009535553865134716
0.0013014344731345773,0.1544605940580368
0.0013019141042605042,0.045374058187007904
0.0013141502859070897,0.05750273913145065
0.0013238146202638745,0.08084577322006226
0.001347850076854229,0.10663115233182907
0.0013676057569682598,0.01388773787766695
0.001384577015414834,0.0372220017015934
0.001469940529204905,0.03388546407222748
0.001472444273531437,0.02473534643650055
0.001483405358158052,0.10051459819078445
0.0014864339027553797,0.020709853619337082
0.0014955766964703798,0.06805871427059174
0.0014972090721130371,0.0021985769271850586
0.0015059527941048145,0.06504403799772263
0.0015395445516332984,0.09315774589776993
0.0015457791741937399,0.04644359275698662
0.001564346021041274,0.061482418328523636
0.0015698621282353997,0.03139061480760574
0.0015903287567198277,0.027178045362234116
0.0015969594242051244,0.10292909294366837
0.0016197682125493884,0.0048599522560834885
0.0016267923638224602,0.03726767376065254
0.0016422306653112173,0.11109530925750732
0.0016763133462518454,0.008684291504323483
0.001681520720012486,0.041207455098629
0.0017039168160408735,0.015790941193699837
0.0017186623299494386,0.11015649139881134
0.0017312222626060247,0.03180336207151413
0.0017341714119538665,0.018953384831547737
0.0017415516776964068,0.1727946698665619
0.001750210183672607,0.06037452071905136
0.0017850864678621292,0.027958787977695465
0.0018185476073995233,0.0075670285150408745
0.0018299296498298645,0.3370848000049591
0.0018343277042731643,0.013685987330973148
0.0018505904590710998,0.042461246252059937
0.0018621571362018585,0.16819331049919128
0.00188194471411407,0.31596460938453674
0.0018859734991565347,0.0043288529850542545
0.0019028676906600595,0.018245596438646317
0.001929876278154552,0.07268504053354263
0.0019368826178833842,0.12959861755371094
0.001971217803657055,0.09328916668891907
0.001979976426810026,0.09264358133077621
0.0020012487657368183,0.016717856749892235
0.0020165343303233385,0.039041757583618164
0.0020264447666704655,0.012081518769264221
0.00204293942078948,0.012811663560569286
0.0020478342194110155,0.10897423326969147
0.0020676939748227596,0.008195282891392708
0.0020742411725223064,0.026049572974443436
0.002083374420180917,0.7668731212615967
0.0021168699022382498,0.17410914599895477
0.0021324469707906246,0.030844589695334435
0.0021380262915045023,0.014360416680574417
0.002162514254450798,0.023037264123558998
0.0022621434181928635,0.05752496421337128
0.0022995667532086372,0.27228108048439026
0.0023419284261763096,0.03799987584352493
0.0023497233632951975,0.01877542771399021
0.002358511555939913,0.017178943380713463
0.0023649849463254213,0.09503816813230515
0.0023738525342196226,0.0659056231379509
0.002395919058471918,0.05221495032310486
0.0024176076985895634,0.027123088017106056
0.002455618465319276,0.029226720333099365
0.002455680398270488,0.07855912297964096
0.002457965165376663,0.4051983058452606
0.002460391726344824,0.33012479543685913
0.002511075232177973,0.0761161595582962
0.0025120775680989027,0.06343294680118561
0.0025254511274397373,0.022192643955349922
0.00254524196498096,0.13399343192577362
0.0025528916157782078,0.09810176491737366
0.002554335631430149,0.09664583951234818
0.002577012637630105,0.047738827764987946
0.002588951727375388,0.048680081963539124
0.0025981611106544733,0.04395926743745804
0.002602747641503811,0.008490381762385368
0.0026188944466412067,0.01572440192103386
0.0026314752176404,0.02330639772117138
0.0026578952092677355,0.015941401943564415
0.0026686186902225018,0.18528807163238525
0.002692573703825474,0.023909451439976692
0.002695492235943675,0.42815452814102173
0.002704440616071224,0.12345094233751297
0.0027122441679239273,0.05305743217468262
0.0027140220627188683,0.010061092674732208
0.0027345046401023865,0.025253597646951675
0.002739044139161706,0.06415461003780365
0.00276149227283895,0.00567282410338521
0.0027719701174646616,0.028727255761623383
0.002806195057928562,0.032812461256980896
0.0028066097293049097,0.030238470062613487
0.002830939134582877,0.006127537693828344
0.0028338029514998198,0.02589293383061886
0.002866722410544753,0.025044606998562813
0.0028677673544734716,0.07607515156269073
0.00287502259016037,0.06068017706274986
0.0028752561192959547,0.04691760614514351
0.0028778379783034325,0.03434453904628754
0.0029038512147963047,0.1380089968442917
0.002905795117840171,0.03947337716817856
0.0029405378736555576,0.026037244126200676
0.002967404667288065,0.17606770992279053
0.002969540888443589,0.006087318528443575
0.002983979880809784,0.025391655042767525
0.002985501429066062,0.052070148289203644
0.0030289071146398783,0.04467988759279251
0.0030812378972768784,0.058994099497795105
0.003091075923293829,0.04153022542595863
0.0030976254492998123,0.014984315261244774
0.0030990387313067913,0.05541016161441803
0.0031093917787075043,0.30852895975112915
0.0031179082579910755,0.13293039798736572
0.0031235485803335905,0.003173409728333354
0.00313624762929976,0.10065270215272903
0.003157560247927904,0.006024868227541447
0.003187483176589012,0.028769755735993385
0.003191361203789711,0.02173762023448944
0.00319494167342782,0.09955531358718872
0.003199011320248246,0.04872212931513786
0.003201430896297097,0.049755655229091644
0.0032115557696670294,0.020923785865306854
0.003243011888116598,0.0199945867061615
0.0032577994279563427,0.06772361695766449
0.003270713845267892,0.15632298588752747
0.0032833993900567293,0.005425259470939636
0.0032856047619134188,0.05805641785264015
0.003316958202049136,0.01284739375114441
0.0033544893376529217,0.0709802657365799
0.0033806627616286278,0.22476570308208466
0.003396120620891452,0.04628121480345726
0.0034011059906333685,0.037326663732528687
0.0034046240616589785,0.009288652800023556
0.0034338627010583878,0.01937236078083515
0.003442647634074092,0.009316032752394676
0.0034930934198200703,0.03136598691344261
0.003493738593533635,0.2100370228290558
0.003501618281006813,0.05126429349184036
0.003508985508233309,0.004512346815317869
0.003528378438204527,0.028977038338780403
0.0035648357588797808,0.13642697036266327
0.0035697452258318663,0.0051961624994874
0.0035738248843699694,0.04884946718811989
0.003580705728381872,0.01769634149968624
0.0036120519507676363,0.3752833306789398
0.0036291114520281553,0.012214654125273228
0.0036375713534653187,0.01329356525093317
0.00364063517190516,0.03176381066441536
0.0036474233493208885,0.021004540845751762
0.0036616481374949217,0.03321090340614319
0.0037074624560773373,0.01865418069064617
0.003731321543455124,0.07256296277046204
0.0037345068994909525,0.16541893780231476
0.0037640670780092478,0.28983381390571594
0.0037877352442592382,0.04874803125858307
0.0038122767582535744,0.007793196476995945
0.0038260032888501883,0.1022983193397522
0.0038273946847766638,0.029885098338127136
0.0038952119648456573,0.029281780123710632
0.003908852580934763,0.04316531866788864
0.0039174375124275684,0.23236343264579773
0.003936562687158585,0.05359724536538124
0.003941818606108427,0.04311651363968849
0.003944612108170986,0.53862464427948
0.0039611561223864555,0.14956124126911163
0.003974354360252619,0.026803158223628998
0.0040017892606556416,0.16120144724845886
0.004004740621894598,0.04356678947806358
0.004071253351867199,0.050736043602228165
0.004120287485420704,0.05488598346710205
0.004123872146010399,0.0797128975391388
0.0041959346272051334,0.10606583207845688
0.004250948783010244,0.011016554199159145
0.004262297414243221,0.06951998919248581
0.004264736548066139,0.02518894150853157
0.0042706686072051525,0.2523796260356903
0.0042971963994205,0.2081300914287567
0.004324402194470167,0.08236490935087204
0.004377192351967096,0.04822954162955284
0.004410996101796627,0.015091425739228725
0.004439040087163448,0.047822173684835434
0.004487194120883942,0.12910886108875275
0.004489474929869175,0.0057176691479980946
0.004520425572991371,0.00457145506516099
0.004538725595921278,0.021343577653169632
0.00457218661904335,0.02376139909029007
0.004574927035719156,0.0873822495341301
0.004577158018946648,0.04015322029590607
0.004583859350532293,0.11575225740671158
0.004613631404936314,0.07694309949874878
0.004619898274540901,0.05471287667751312
0.004621863830834627,0.04627356678247452
0.004675090778619051,0.006000068970024586
0.004734341986477375,0.09102459996938705
0.004745492711663246,0.2873353958129883
0.004777934402227402,0.0318848080933094
0.004808689933270216,0.028081320226192474
0.004816241096705198,0.05982418730854988
0.004819390829652548,0.03855554759502411
0.0048309736885130405,0.012102100066840649
0.004831375554203987,0.07624874264001846
0.004840351641178131,0.017967436462640762
0.004901915322989225,0.016136908903717995
0.004922510590404272,0.03412756323814392
0.004931343253701925,0.07632078975439072
0.004944008309394121,0.02724863402545452
0.004944539628922939,0.03797300159931183
0.004956379998475313,0.026364324614405632
0.004958413541316986,0.4300830066204071
0.00498975720256567,0.03734955936670303
0.004994168411940336,0.13424447178840637
0.005045341327786446,0.056037381291389465
0.0050496384501457214,0.008286493830382824
0.005100790876895189,0.03524216637015343
0.005113896913826466,0.03027471713721752
0.005135389510542154,0.025465207174420357
0.0051440042443573475,0.11308129876852036
0.005156462546437979,0.17021702229976654
0.005195819307118654,0.12340865284204483
0.005201566498726606,0.04346216842532158
0.005208754912018776,0.09901820868253708
0.005213655065745115,0.024394776672124863
0.005231696646660566,0.10081008821725845
0.005231804680079222,0.0257581677287817
0.005281182937324047,0.11649850755929947
0.005283909384161234,0.05902210995554924
0.005295866169035435,0.044244278222322464
0.0053122201934456825,0.1583711802959442
0.005315808579325676,0.08641665428876877
0.005391251295804977,0.04244907572865486
0.00543944863602519,0.043680254369974136
0.005445978604257107,0.08477349579334259
0.005549359600991011,0.038875263184309006
0.005571678280830383,0.02275499701499939
0.00561131164431572,0.1508738100528717
0.005652311723679304,0.25104889273643494
0.005676575005054474,0.10528136789798737
0.005677312146872282,0.20769527554512024
0.005723620764911175,0.1676732450723648
0.005758329294621944,0.051587387919425964
0.005805691704154015,0.1596669703722
0.005814115982502699,0.017712213099002838
0.005815962795168161,0.09165747463703156
0.0058733313344419,0.06110549345612526
0.0059027960523962975,0.031578805297613144
0.005989853758364916,0.11439882218837738
0.00599523913115263,0.0321478396654129
0.006032212171703577,0.1536739319562912
0.006041815970093012,0.02339647151529789
0.006071182433515787,0.3561432361602783
0.006114437710493803,0.018246080726385117
0.006125962361693382,0.11203953623771667
0.006164409685879946,0.08665525913238525
0.006247558165341616,0.09038590639829636
0.0062739113345742226,0.14660024642944336
0.006275177467614412,0.023338880389928818
0.006285481154918671,0.04660164192318916
0.0063047856092453,0.040946051478385925
0.006312789395451546,0.3373454809188843
0.006317474413663149,0.08029119670391083
0.006324756890535355,0.042289625853300095
0.0063267541117966175,0.07163208723068237
0.006351435091346502,0.007938564755022526
0.006360009778290987,0.010163281112909317
0.0063808374106884,0.007046852260828018
0.006393607705831528,0.05317973345518112
0.0064074513502418995,0.10585231333971024
0.006434537470340729,0.04860788956284523
0.0064582861959934235,0.09171747416257858
0.00646731024608016,0.014476063661277294
0.006497884169220924,0.012835009023547173
0.006506644189357758,0.018233682960271835
0.00655530858784914,0.1467224657535553
0.006555401720106602,0.02706521935760975
0.006570144556462765,0.00694673927500844
0.006579326931387186,0.2362992912530899
0.006633247714489698,0.011459666304290295
0.006658109370619059,0.018678177148103714
0.006671378389000893,0.0508485846221447
0.006809896323829889,0.03256271779537201
0.006816692650318146,0.009477921761572361
0.006828718353062868,0.025512102991342545
0.00684274360537529,0.06886609643697739
0.006854142062366009,0.24445632100105286
0.00686222966760397,0.045831214636564255
0.006906887982040644,0.03255193307995796
0.0069504911080002785,0.09425430744886398
0.0070069413632154465,0.031437285244464874
0.007075013127177954,0.03390960022807121
0.007107204291969538,0.14751172065734863
0.007215301971882582,0.03772260621190071
0.00721906078979373,0.06119230017066002
0.007234654854983091,0.1566065102815628
0.007237285375595093,0.02314120903611183
0.007287038490176201,0.017687363550066948
0.007299447897821665,0.03251656889915466
0.0073323603719472885,0.11176182329654694
0.007431965321302414,0.03185105323791504
0.0074516055174171925,0.06430427730083466
0.0074831959791481495,0.10533211380243301
0.007519816048443317,0.04343455284833908
0.007543538697063923,0.097230464220047
0.007559226360172033,0.051007259637117386
0.007601927034556866,0.0362674854695797
0.007650782819837332,0.09691209346055984
0.007670699153095484,0.17252624034881592
0.007724165916442871,0.01889302022755146
0.0077394661493599415,0.04092179238796234
0.007745325565338135,0.008511598221957684
0.007763584144413471,0.008461995981633663
0.007770550437271595,0.028611522167921066
0.007796524092555046,0.05974317342042923
0.007826424203813076,0.10285470634698868
0.00787774845957756,0.044139910489320755
0.007884393446147442,0.0971975177526474
0.007899630814790726,0.035692248493433
0.007926939986646175,0.1999198943376541
0.007929130457341671,0.08357309550046921
0.007943779230117798,0.3953612148761749
0.007963843643665314,0.042826998978853226
0.007983092218637466,0.14421293139457703
0.008062975481152534,0.01960589736700058
0.008078486658632755,0.009836932644248009
0.008083776570856571,0.18547403812408447
0.008087457157671452,0.16436029970645905
0.00811415258795023,0.15333884954452515
0.008165193721652031,0.02400810457766056
0.00816606916487217,0.20670191943645477
0.008179213851690292,0.0811675637960434
0.00820451695472002,0.14087431132793427
0.008206653408706188,0.06001770868897438
0.008210413157939911,0.011639387346804142
0.008261163718998432,0.07841254025697708
0.008277211338281631,0.11856936663389206
0.008285293355584145,0.12056957930326462
0.008303972892463207,0.045810747891664505
0.008319029584527016,0.2999322712421417
0.008338642306625843,0.07471445947885513
0.008344334550201893,0.012731174007058144
0.00835374090820551,0.049150291830301285
0.008411251939833164,0.02024136669933796
0.008442179299890995,0.2732226848602295
0.008475865237414837,0.01263972744345665
0.008476059883832932,0.032896000891923904
0.0084896394982934,0.2551688849925995
0.008491595275700092,0.3678722679615021
0.008509506471455097,0.03471657261252403
0.00853155367076397,0.017135702073574066
0.008566011674702168,0.07072528451681137
0.008571301586925983,0.07057219743728638
0.008619390428066254,0.09598348289728165
0.00867591705173254,0.03787416219711304
0.008775919675827026,0.20669129490852356
0.008776974864304066,0.0524747259914875
0.008796289563179016,0.06856522709131241
0.008806513622403145,0.01831497624516487
0.008809825405478477,0.011117300018668175
0.008829288184642792,0.04125305265188217
0.008829426020383835,0.08950281888246536
0.008852261118590832,0.341318815946579
0.008884740062057972,0.04459349811077118
0.008886139839887619,0.06544458121061325
0.008909586817026138,0.06898120045661926
0.00891019031405449,0.05764487758278847
0.00894585344940424,0.29153376817703247
0.008955489844083786,0.09908267110586166
0.008957302197813988,0.0315336138010025
0.009009748697280884,0.19160126149654388
0.009070834144949913,0.02117754891514778
0.009120074100792408,0.05290932580828667
0.009138274937868118,0.05596167966723442
0.009152056649327278,0.03689827024936676
0.009180299937725067,0.1135365441441536
0.009214707650244236,0.23763221502304077
0.0092209093272686,0.022386906668543816
0.009226751513779163,0.0991765484213829
0.009281833656132221,0.18443523347377777
0.009300087578594685,0.021286824718117714
0.009316707029938698,0.02761746384203434
0.009330367669463158,0.0843561515212059
0.009350006468594074,0.243263378739357
0.009351059794425964,0.22929221391677856
0.009386712685227394,0.1376352161169052
0.009396896697580814,0.20855054259300232
0.009404139593243599,0.12413481622934341
0.00942940078675747,0.05528361722826958
0.00945251900702715,0.02229997143149376
0.009458356536924839,0.0985444039106369
0.009464787319302559,0.12090197205543518
0.009519013576209545,0.01676749810576439
0.009542030282318592,0.06823402643203735
0.009549598209559917,0.08325713872909546
0.009557015262544155,0.04183535650372505
0.009585524909198284,0.017189759761095047
0.009590322151780128,0.06540533155202866
0.009591017849743366,0.04032660275697708
0.009679284878075123,0.06731176376342773
0.009723052382469177,0.015751415863633156
0.009750247932970524,0.0840982124209404
0.009859885089099407,0.0273551307618618
0.009925832971930504,0.30372312664985657
0.0099728899076581,0.17643700540065765
0.009993348270654678,0.12058547139167786
0.009993955492973328,0.09606404602527618
0.010042577981948853,0.06512941420078278
0.010047253221273422,0.06509485095739365
0.010066598653793335,0.031416308134794235
0.010090840049088001,0.0953684076666832
0.010171335190534592,0.0630074143409729
0.010203181765973568,0.037237245589494705
0.010213818401098251,0.1121675968170166
0.010238846763968468,0.121377132833004
0.01032132189720869,0.053846344351768494
0.010386752896010876,0.23159803450107574
0.01041367743164301,0.04653805494308472
0.010432275012135506,0.35625433921813965
0.010437930934131145,0.03197183087468147
0.010476511903107166,0.19447872042655945
0.010592734441161156,0.08495977520942688
0.01062249019742012,0.06421585381031036
0.010626749135553837,0.05354895442724228
0.010650619864463806,0.01655358076095581
0.010654695332050323,0.03154928609728813
0.010667872615158558,0.08680188655853271
0.01068481057882309,0.02054484374821186
0.010688328184187412,0.07865187525749207
0.010747856460511684,0.01966288685798645
0.0107872998341918,0.06318771094083786
0.010802911594510078,0.06889714300632477
0.010844593867659569,0.014247323386371136
0.010855014435946941,0.05412627384066582
0.01085970550775528,0.04112834483385086
0.010872729122638702,0.02633604221045971
0.010949968360364437,0.016876675188541412
0.010960378684103489,0.20470476150512695
0.01102983858436346,0.025100644677877426
0.011126957833766937,0.09599342942237854
0.011194399558007717,0.06755775213241577
0.011227546259760857,0.1543840765953064
0.011302039958536625,0.057350948452949524
0.011309199966490269,0.13231463730335236
0.011321114376187325,0.04889725521206856
0.011322409845888615,0.04138702154159546
0.011334314942359924,0.07476436346769333
0.011349132284522057,0.04769446328282356
0.011370640248060226,0.08985389024019241
0.01139354519546032,0.07997696846723557
0.011431945487856865,0.17253954708576202
0.011641564778983593,0.053523674607276917
0.011683736927807331,0.02560815028846264
0.0117115443572402,0.03636525198817253
0.0117258932441473,0.1452825963497162
0.011726481840014458,0.07369223237037659
0.01175266969949007,0.014165093190968037
0.01176630798727274,0.0780787467956543
0.011825825087726116,0.018052421510219574
0.011835599318146706,0.06519650667905807
0.011917667463421822,0.48320865631103516
0.011928560212254524,0.03300454095005989
0.011933578178286552,0.11269095540046692
0.011955485679209232,0.17782141268253326
0.01206674799323082,0.06335776299238205
0.012079098261892796,0.02260397933423519
0.012086126953363419,0.45263248682022095
0.012088294140994549,0.029258305206894875
0.01209571585059166,0.3498555123806
0.01211746409535408,0.09924464672803879
0.012122121639549732,0.04773905873298645
0.012122501619160175,0.017857477068901062
0.012179114855825901,0.07739202678203583
0.012262457050383091,0.16830754280090332
0.01227614562958479,0.04439767077565193
0.012301005423069,0.0633341521024704
0.012339037843048573,0.0304085873067379
0.012358071282505989,0.039589062333106995
0.012381479144096375,0.038114964962005615
0.012426475994288921,0.048311516642570496
0.012487303465604782,0.24956749379634857
0.012495692819356918,0.031345680356025696
0.012618115171790123,0.025760289281606674
0.01267679687589407,0.026498958468437195
0.012720855884253979,0.14981384575366974
0.012765887193381786,0.06441988795995712
0.01277848705649376,0.0742974653840065
0.012808403000235558,0.02822542004287243
0.012848335318267345,0.25767865777015686
0.012882756069302559,0.026878371834754944
0.013023226521909237,0.1303815245628357
0.0130411796271801,0.16146411001682281
0.013048860244452953,0.04190957918763161
0.013064898550510406,0.06450705975294113
0.013117344118654728,0.05056280642747879
0.01313242968171835,0.0570707768201828
0.013152322731912136,0.08700717240571976
0.013153621926903725,0.06407628953456879
0.01319552306085825,0.060764130204916
0.01323486678302288,0.0813979059457779
0.013239177875220776,0.06937114149332047
0.0132724829018116,0.1452275514602661
0.013296542689204216,0.024356449022889137
0.01330565195530653,0.06503287702798843
0.013353304006159306,0.06962290406227112
0.01350112073123455,0.023091785609722137
0.013524670153856277,0.06206835061311722
0.013545147143304348,0.015540290623903275
0.013582928106188774,0.030150091275572777
0.013653815723955631,0.1032102033495903
0.013705073855817318,0.1471450924873352
0.013780373148620129,0.014628957025706768
0.01378206443041563,0.031485360115766525
0.01387235801666975,0.044673431664705276
0.013885924592614174,0.03148369491100311
0.013929459266364574,0.14864960312843323
0.013994063250720501,0.051733192056417465
0.014032501727342606,0.11441634595394135
0.014036574400961399,0.034546807408332825
0.014059720560908318,0.5860105156898499
0.01407936867326498,0.06732439994812012
0.014121589250862598,0.1256006807088852
0.01414104737341404,0.025680942460894585
0.01417409349232912,0.03763386234641075
0.014259131625294685,0.1402502804994583
0.014328472316265106,0.2103676199913025
0.014343775808811188,0.047250233590602875
0.01441107876598835,0.06216307356953621
0.014414739795029163,0.056173793971538544
0.014421055093407631,0.2148142158985138
0.014441320672631264,0.030052874237298965
0.014498843811452389,0.2723960280418396
0.014601989649236202,0.10022340714931488
0.014633416198194027,0.04502818360924721
0.01466584112495184,0.026737065985798836
0.014669964089989662,0.1654842495918274
0.014723610132932663,0.05069021135568619
0.014767401851713657,0.08120214194059372
0.01484300009906292,0.07197831571102142
0.014876912347972393,0.035531528294086456
0.014906765893101692,0.1377781182527542
0.01496725995093584,0.03941129520535469
0.014972871169447899,0.031867533922195435
0.015064734034240246,0.029747264459729195
0.015084692277014256,0.02323460951447487
0.01510105561465025,0.07825665920972824
0.015101775527000427,0.16333884000778198
0.015116555616259575,0.06076729670166969
0.01515064388513565,0.060202956199645996
0.01515133399516344,0.04854227975010872
0.015155716799199581,0.07050709426403046
0.015156787820160389,0.021060915663838387
0.015171458013355732,0.019155124202370644
0.015180284157395363,0.04214386269450188
0.015199131332337856,0.052350081503391266
0.015210653655230999,0.07236241549253464
0.01521721389144659,0.07055685669183731
0.015229552984237671,0.16376060247421265
0.015363236889243126,0.024008769541978836
0.01537633128464222,0.017255142331123352
0.015387441031634808,0.23309364914894104
0.0154778603464365,0.0692458227276802
0.01548671443015337,0.024919120594859123
0.015490414574742317,0.016259727999567986
0.015561750158667564,0.030198130756616592
0.015579425729811192,0.03211439773440361
0.015591300092637539,0.032840508967638016
0.01559346541762352,0.11608218401670456
0.0156830046325922,0.03213296830654144
0.015683695673942566,0.022162623703479767
0.015743624418973923,0.03012443333864212
0.015786996111273766,0.03501889109611511
0.015795692801475525,0.3930191397666931
0.015883751213550568,0.05452834069728851
0.01597500592470169,0.09900015592575073
0.016010325402021408,0.14648641645908356
0.016066666692495346,0.033517006784677505
0.016086602583527565,0.06651026010513306
0.016133874654769897,0.027280550450086594
0.016156990081071854,0.025350652635097504
0.016163239255547523,0.26844948530197144
0.016231665387749672,0.06311026960611343
0.016238519921898842,0.03495822101831436
0.016245493665337563,0.04281589016318321
0.016287053003907204,0.06846818327903748
0.016466720029711723,0.12992170453071594
0.01647878997027874,0.12249524146318436
0.01649327576160431,0.02445855736732483
0.016505127772688866,0.27812668681144714
0.016582723706960678,0.022159747779369354
0.016749678179621696,0.10434475541114807
0.016752861440181732,0.09128628671169281
0.01680752821266651,0.0583559088408947
0.016823526471853256,0.016954289749264717
0.01693282276391983,0.023056577891111374
0.01697050966322422,0.02158103697001934
0.01699536107480526,0.09016811847686768
0.01699763722717762,0.017240600660443306
0.01709437370300293,0.03449760377407074
0.017168134450912476,0.05792010948061943
0.017192082479596138,0.10923000425100327
0.01731456257402897,0.03912369906902313
0.01737789809703827,0.0278092660009861
0.01740548014640808,0.39420175552368164
0.017491625621914864,0.12934818863868713
0.017517462372779846,0.06929274648427963
0.017537977546453476,0.027632875367999077
0.017590442672371864,0.021851563826203346
0.017615534365177155,0.0389101505279541
0.017620472237467766,0.0699649229645729
0.017645562067627907,0.04703127592802048
0.017674041911959648,0.2534928023815155
0.01770390011370182,0.12588819861412048
0.017746198922395706,0.0791000947356224
0.017757713794708252,0.10488893836736679
0.017810780555009842,0.040462132543325424
0.017934372648596764,0.09831824153661728
0.018132876604795456,0.15063002705574036
0.018346194177865982,0.16086922585964203
0.01836143620312214,0.022325005382299423
0.01838640309870243,0.12238286435604095
0.018395908176898956,0.08714182674884796
0.018408602103590965,0.08116141706705093
0.018459467217326164,0.04717359319329262
0.018476447090506554,0.4482043981552124
0.018526846542954445,0.03211572766304016
0.01853705570101738,0.024195926263928413
0.01854248158633709,0.08571422100067139
0.01855158992111683,0.024412499740719795
0.018553826957941055,0.09285898506641388
0.018584344536066055,0.06843987852334976
0.018602406606078148,0.060254067182540894
0.018637916073203087,0.08795533329248428
0.01873067393898964,0.046831101179122925
0.01874072663486004,0.07926766574382782
0.018749278038740158,0.030739428475499153
0.018755517899990082,0.17168445885181427
0.01879703626036644,0.03475547209382057
0.01879972405731678,0.019129686057567596
0.018814371898770332,0.0541846863925457
0.01885055936872959,0.3401610553264618
0.018873274326324463,0.23948340117931366
0.018938997760415077,0.02654401771724224
0.018976867198944092,0.1780807375907898
0.018978111445903778,0.0508403480052948
0.01902233622968197,0.06407655775547028
0.0190559271723032,0.04700508341193199
0.019083349034190178,0.2241412252187729
0.0191465113312006,0.1277121603488922
0.019280636683106422,0.05234287306666374
0.019347118213772774,0.2600577473640442
0.01935841701924801,0.11411454528570175
0.01936931535601616,0.02272900566458702
0.01937231421470642,0.09803111851215363
0.0193743035197258,0.028180180117487907
0.019392229616642,0.08597862720489502
0.01949530653655529,0.40416672825813293
0.019603200256824493,0.10093295574188232
0.01960979960858822,0.18973693251609802
0.019618159160017967,0.22167931497097015
0.01962582767009735,0.04727224260568619
0.019712986424565315,0.03327108547091484
0.019786937162280083,0.0200478695333004
0.019812293350696564,0.10636207461357117
0.019862283021211624,0.055376552045345306
0.01989092491567135,0.09687837958335876
0.01998983696103096,0.026665261015295982
0.02014874294400215,0.04602503404021263
0.020212912932038307,0.02117413654923439
0.0202484130859375,0.03520352393388748
0.020281070843338966,0.07726886123418808
0.020316164940595627,0.08191755414009094
0.020319117233157158,0.11976947635412216
0.020321108400821686,0.1423695832490921
0.02038320153951645,0.030780281871557236
0.020412415266036987,0.044763002544641495
0.020427102223038673,0.6016971468925476
0.020578483119606972,0.142842635512352
0.020581744611263275,0.14850758016109467
0.020633505657315254,0.059091802686452866
0.02066105231642723,0.40144336223602295
0.02069084532558918,0.08347399532794952
0.020702043548226357,0.029780689626932144
0.020741011947393417,0.03608345240354538
0.02075851522386074,0.03145104646682739
0.020763227716088295,0.14672350883483887
0.020773177966475487,0.17081792652606964
0.020804492756724358,0.09791171550750732
0.02085357904434204,0.23593293130397797
0.020865581929683685,0.05526832118630409
0.02087465301156044,0.09675655514001846
0.0209241583943367,0.06109427660703659
0.020929474383592606,0.06293514370918274
0.0209296066313982,0.12721474468708038
0.021071964874863625,0.026863588020205498
0.021074172109365463,0.2611706554889679
0.02109353058040142,0.02379159815609455
0.02111649326980114,0.06144864484667778
0.021163472905755043,0.0745180994272232
0.021175768226385117,0.07082322239875793
0.021179750561714172,0.1270449310541153
0.021222559735178947,0.20279157161712646
0.021258579567074776,0.17866151034832
0.02127409353852272,0.06763026863336563
0.021309448406100273,0.02557327412068844
0.021322786808013916,0.17477968335151672
0.021357372403144836,0.09519321471452713
0.021456317976117134,0.03425237163901329
0.021503575146198273,0.043263643980026245
0.02151801995933056,0.08462438732385635
0.021572696045041084,0.14877712726593018
0.02158290334045887,0.03715939074754715
0.021657779812812805,0.0430956594645977
0.021811144426465034,0.03734135627746582
0.02183769829571247,0.059661515057086945
0.02184186317026615,0.032624755054712296
0.021841906011104584,0.051967550069093704
0.02194887213408947,0.18631213903427124
0.022061891853809357,0.10960756242275238
0.022063475102186203,0.1706208437681198
0.022074351087212563,0.1959477663040161
0.022132009267807007,0.04392436891794205
0.0221962071955204,0.09310295432806015
0.02224215306341648,0.2604926526546478
0.02227259799838066,0.16952818632125854
0.022306613624095917,0.08241316676139832
0.022313298657536507,0.07339459657669067
0.02234646864235401,0.13822853565216064
0.02239958383142948,0.030182868242263794
0.022412147372961044,0.49734586477279663
0.022463703528046608,0.2712196707725525
0.022614071145653725,0.39600712060928345
0.022618597373366356,0.050381843000650406
0.022648336365818977,0.10196704417467117
0.02265036292374134,0.045016076415777206
0.022759467363357544,0.0672077164053917
0.02276584506034851,0.12677955627441406
0.02281411923468113,0.08082293719053268
0.022852210327982903,0.03555450960993767
0.022858472540974617,0.06538742035627365
0.022938832640647888,0.20301035046577454
0.02295740693807602,0.0750310868024826
0.023016277700662613,0.17157326638698578
0.023056169971823692,0.030766509473323822
0.02311917580664158,0.10082602500915527
0.0231582373380661,0.04174237698316574
0.023167354986071587,0.13768474757671356
0.02323077991604805,0.44988951086997986
0.023248562589287758,0.058536261320114136
0.02326364628970623,0.036007240414619446
0.023273566737771034,0.3448884189128876
0.023274891078472137,0.07133784890174866
0.02330259419977665,0.11933322995901108
0.023342087864875793,0.07791776955127716
0.023349186405539513,0.05682910978794098
0.02341410703957081,0.09154922515153885
0.02341637574136257,0.504531979560852
0.023486251011490822,0.032106440514326096
0.023635903373360634,0.08216928690671921
0.023670634254813194,0.07306652516126633
0.02373264543712139,0.24948392808437347
0.023740099743008614,0.08773649483919144
0.023790419101715088,0.06251799315214157
0.02382032200694084,0.07628654688596725
0.02389913611114025,0.10081589221954346
0.02395407110452652,0.06957118958234787
0.02398715913295746,0.07773791253566742
0.02402643673121929,0.030747026205062866
0.02404908463358879,0.046151574701070786
0.0240588691085577,0.21259939670562744
0.02411404810845852,0.05852583050727844
0.02419402077794075,0.03876190260052681
0.02421506680548191,0.24777860939502716
0.024305231869220734,0.05431262403726578
0.024319635704159737,0.31585681438446045
0.024320485070347786,0.2187076359987259
0.02433222159743309,0.5059589147567749
0.024388331919908524,0.03014378435909748
0.024424733594059944,0.181781604886055
0.02443130500614643,0.0965488851070404
0.02452060580253601,0.034072648733854294
0.02467765472829342,0.05047285556793213
0.024678364396095276,0.08870023488998413
0.024827826768159866,0.039887234568595886
0.02488020807504654,0.07702644169330597
0.024885669350624084,0.1449795961380005
0.024929260835051537,0.15745584666728973
0.024931378662586212,0.03308017551898956
0.024980703368782997,0.12540672719478607
0.02502075769007206,0.045074768364429474
0.025078827515244484,0.115437813103199
0.025083953514695168,0.21686969697475433
0.0250945333391428,0.1747976690530777
0.025117963552474976,0.1295238435268402
0.02517249807715416,0.16963313519954681
0.025278981775045395,0.17991787195205688
0.02530663087964058,0.045695092529058456
0.025334643200039864,0.10001169890165329
0.025338219478726387,0.04484075307846069
0.025381920859217644,0.11922257393598557
0.02541331760585308,0.09844351559877396
0.025512758642435074,0.3212413489818573
0.025591952726244926,0.0876995325088501
0.025660712271928787,0.09321615844964981
0.02574751526117325,0.21378043293952942
0.025782639160752296,0.0612131804227829
0.02582554705440998,0.20790724456310272
0.025861382484436035,0.03575539216399193
0.025901231914758682,0.07362740486860275
0.025964604690670967,0.036027465015649796
0.026031697168946266,0.08574634790420532
0.02619646117091179,0.07783356308937073
0.02621079422533512,0.03130302578210831
0.026225294917821884,0.04129619151353836
0.026392271742224693,0.09289504587650299
0.02647378481924534,0.05231345072388649
0.026492608711123466,0.20669251680374146
0.026512453332543373,0.4725949168205261
0.026514533907175064,0.028918784111738205
0.026586662977933884,0.039092015475034714
0.026612816378474236,0.16404306888580322
0.02665415219962597,0.032123319804668427
0.026685817167162895,0.09572938084602356
0.026720421388745308,0.044460635632276535
0.026748385280370712,0.24540768563747406
0.026776660233736038,0.248550146818161
0.02678666077554226,0.11743059009313583
0.026806224137544632,0.07218713313341141
0.026899835094809532,0.11123021692037582
0.02692313864827156,0.10575035214424133
0.02700054459273815,0.052418045699596405
0.027043405920267105,0.1418190747499466
0.027081718668341637,0.131285160779953
0.027208274230360985,0.030086137354373932
0.027242302894592285,0.07448364794254303
0.027359988540410995,0.0822688639163971
0.027416100725531578,0.165524423122406
0.0275589469820261,0.04802113398909569
0.027559557929635048,0.04941015690565109
0.02774682827293873,0.26577192544937134
0.02784857340157032,0.028317434713244438
0.02791672572493553,0.06866244971752167
0.02817888744175434,0.11200839281082153
0.028181497007608414,0.03245982900261879
0.028190046548843384,0.11446285247802734
0.028252506628632545,0.10816222429275513
0.028431827202439308,0.09364140033721924
0.028462672606110573,0.22701841592788696
0.02848702482879162,0.03279471397399902
0.028568478301167488,0.35391175746917725
0.02862713858485222,0.16480255126953125
0.02864154800772667,0.2000872939825058
0.028661271557211876,0.23176488280296326
0.028668781742453575,0.05413096398115158
0.02871493622660637,0.07728791236877441
0.028736749663949013,0.05579320713877678
0.02881801500916481,0.05288839340209961
0.02884485013782978,0.15105442702770233
0.028973190113902092,0.04298229515552521
0.029058679938316345,0.04149392247200012
0.02906578592956066,0.12878073751926422
0.029282208532094955,0.06622011959552765
0.02947225607931614,0.11615707725286484
0.029583217576146126,0.043777093291282654
0.029591692611575127,0.17655079066753387
0.029711907729506493,0.3536086678504944
0.029781311750411987,0.1118655875325203
0.02982969954609871,0.12887272238731384
0.029868321493268013,0.07654585689306259
0.02993803098797798,0.07822495698928833
0.029945271089673042,0.06890181452035904
0.030026346445083618,0.06985825300216675
0.03022128902375698,0.23915457725524902
0.030226634815335274,0.24120713770389557
0.030254796147346497,0.05536847934126854
0.03032717853784561,0.0687498152256012
0.030328338965773582,0.03527892380952835
0.030407626181840897,0.06517626345157623
0.030431456863880157,0.5986316800117493
0.03047121874988079,0.09104295074939728
0.030473653227090836,0.04691997170448303
0.030530475080013275,0.03261358663439751
0.03054582141339779,0.34137535095214844
0.03055717796087265,0.14528240263462067
0.03058840148150921,0.09641072899103165
0.030668199062347412,0.07410923391580582
0.03067805990576744,0.05908753350377083
0.03076961822807789,0.2563292384147644
0.03081456758081913,0.03905775398015976
0.030841311439871788,0.10350505262613297
0.030913501977920532,0.03342808037996292
0.03110600635409355,0.09525489062070847
0.031191663816571236,0.06776101887226105
0.031245894730091095,0.43285509943962097
0.03125286102294922,0.043461255729198456
0.03142372891306877,0.10620547086000443
0.031514063477516174,0.09535562992095947
0.03152047097682953,0.05320119485259056
0.031568847596645355,0.07895652949810028
0.031646907329559326,0.09995052218437195
0.03167710080742836,0.180160790681839
0.03167867287993431,0.1359320729970932
0.03185266628861427,0.07174897193908691
0.03195839002728462,0.0636257529258728
0.032093245536088943,0.08106668293476105
0.03238387033343315,0.03343390300869942
0.03245920315384865,0.1065789982676506
0.032471414655447006,0.033787380903959274
0.03251078352332115,0.046034980565309525
0.03255841135978699,0.21625909209251404
0.03261337801814079,0.09094015508890152
0.032734278589487076,0.20235027372837067
0.03278942033648491,0.13030193746089935
0.03294522315263748,0.11907432228326797
0.032996028661727905,0.1405298411846161
0.033049799501895905,0.06071552634239197
0.03315603360533714,0.12061397731304169
0.03329278528690338,0.1416132152080536
0.033318910747766495,0.034583356231451035
0.03337526321411133,0.11985234171152115
0.03362104296684265,0.11315639317035675
0.03363606333732605,0.08343501389026642
0.03367815539240837,0.03706143796443939
0.03375370055437088,0.09635303169488907
0.03385618329048157,0.08135999739170074
0.03387893736362457,0.1471167504787445
0.034113746136426926,0.03955666348338127
0.034136589616537094,0.6726981401443481
0.03414929285645485,0.09789537638425827
0.03418407961726189,0.04358869418501854
0.03433481603860855,0.15764805674552917
0.0345052070915699,0.10542809963226318
0.03450673073530197,0.08115238696336746
0.03456588834524155,0.08930692076683044
0.03468405455350876,0.04983416572213173
0.03492707759141922,0.1790638566017151
0.03493845462799072,0.2351183444261551
0.034952934831380844,0.036968689411878586
0.034986987709999084,0.06083763763308525
0.03503451496362686,0.04679657146334648
0.03511634096503258,0.06560838967561722
0.03526085242629051,0.0702897310256958
0.03529911860823631,0.15604589879512787
0.03536463901400566,0.33179938793182373
0.03544635698199272,0.04464118555188179
0.03588736802339554,0.0693846344947815
0.0359952449798584,0.1567886471748352
0.03602278232574463,0.13354510068893433
0.036089181900024414,0.33795806765556335
0.036170195788145065,0.11522457003593445
0.036221232265233994,0.16975393891334534
0.036228325217962265,0.17726095020771027
0.03632354363799095,0.06383664160966873
0.03651280701160431,0.31952139735221863
0.0365518294274807,0.03680716082453728
0.036584269255399704,0.07474025338888168
0.03671923652291298,0.27762195467948914
0.036739181727170944,0.06598872691392899
0.036768924444913864,0.4624813497066498
0.03680368885397911,0.03924977034330368
0.036813993006944656,0.25310251116752625
0.03696649894118309,0.043588895350694656
0.03700491040945053,0.11881914734840393
0.037077199667692184,0.25617000460624695
0.03713637590408325,0.22691871225833893
0.03721557557582855,0.06502262502908707
0.037246350198984146,0.14560769498348236
0.037352532148361206,0.40533119440078735
0.03740675747394562,0.044536907225847244
0.037517156451940536,0.05759873986244202
0.03759690374135971,0.07930049300193787
0.03763266280293465,0.1545446515083313
0.03764981031417847,0.6785462498664856
0.03781285136938095,0.19712214171886444
0.03783416375517845,0.08619184792041779
0.03783634305000305,0.04470106214284897
0.03789164125919342,0.059717752039432526
0.03800936043262482,0.05212531238794327
0.03800979629158974,0.05624790117144585
0.03803471103310585,0.04905661195516586
0.038051676005125046,0.211517333984375
0.03816632181406021,0.06648631393909454
0.03825723007321358,0.052152760326862335
0.0382770374417305,0.2720833420753479
0.038353558629751205,0.0385332889854908
0.038577012717723846,0.36762872338294983
0.0385989286005497,0.10555233061313629
0.03872208297252655,0.11276601254940033
0.038818422704935074,0.10116811096668243
0.0388491190969944,0.04317997768521309
0.038854680955410004,0.10041406005620956
0.039149317890405655,0.17773666977882385
0.03928779810667038,0.046874795109033585
0.03933532163500786,0.19950884580612183
0.039407502859830856,0.05959153547883034
0.03945626690983772,0.06643789261579514
0.03970973566174507,0.0784272626042366
0.039860546588897705,0.16554567217826843
0.03986946865916252,0.10816197097301483
0.03993770107626915,0.07029128074645996
0.040002621710300446,0.044782351702451706
0.040048640221357346,0.19315513968467712
0.040062446147203445,0.05658207833766937
0.040118176490068436,0.103936567902565
0.04019838944077492,0.28086796402931213
0.0402102954685688,0.09520882368087769
0.04025359824299812,0.04545169323682785
0.04042518511414528,0.08567046374082565
0.04066399484872818,0.07604000717401505
0.04067576304078102,0.12461448460817337
0.04070991277694702,0.18021705746650696
0.040831323713064194,0.21132677793502808
0.040844500064849854,0.18113993108272552
0.040883880108594894,0.2612103223800659
0.04098111018538475,0.10513618588447571
0.04106983169913292,0.04776470735669136
0.041099973022937775,0.09050188213586807
0.04124347120523453,0.06835061311721802
0.04143152013421059,0.2448272407054901
0.041456736624240875,0.07582207769155502
0.041460879147052765,0.04174451529979706
0.04147617891430855,0.17408514022827148
0.04152408242225647,0.06390175968408585
0.04154364764690399,0.09373561292886734
0.04207055643200874,0.2910279631614685
0.042077649384737015,0.11265788972377777
0.04211299493908882,0.39066851139068604
0.042215745896101,0.6564011573791504
0.04234590008854866,0.19353953003883362
0.04237714037299156,0.11536117643117905
0.04241298511624336,0.10676417499780655
0.04257888346910477,0.16692210733890533
0.04267217591404915,0.07879011332988739
0.04282432422041893,0.0653529241681099
0.04295499995350838,0.04824676737189293
0.043061356991529465,0.14585617184638977
0.043070536106824875,0.11604615300893784
0.04309996962547302,0.06618336588144302
0.04313255846500397,0.42453908920288086
0.043224602937698364,0.1017172634601593
0.04324840381741524,0.17172347009181976
0.04326549917459488,0.129695862531662
0.04327206313610077,0.2994270324707031
0.043287042528390884,0.33681342005729675
0.04340951517224312,0.14779925346374512
0.043493546545505524,0.047774385660886765
0.04349421337246895,0.07192333042621613
0.04355486482381821,0.04651588946580887
0.04361399635672569,0.19973130524158478
0.04363386332988739,0.1261802464723587
0.043649595230817795,0.1664041131734848
0.04370875656604767,0.056968607008457184
0.04391343146562576,0.10494682937860489
0.043988894671201706,0.5261990427970886
0.04409437254071236,0.08166836947202682
0.04415573179721832,0.10519339889287949
0.044192031025886536,0.05696574226021767
0.04431595280766487,0.16730481386184692
0.044341884553432465,0.33560284972190857
0.0443541556596756,0.2009572833776474
0.04444112628698349,0.40388023853302
0.04447377100586891,0.055083487182855606
0.04466784745454788,0.1406783163547516
0.044795822352170944,0.08618633449077606
0.04480964317917824,0.10847091674804688
0.04483802616596222,0.11408006399869919
0.04498754069209099,0.3400243818759918
0.045008737593889236,0.05324901267886162
0.04509098082780838,0.28861498832702637
0.04510364681482315,0.19094939529895782
0.04523533955216408,0.19636337459087372
0.04529291391372681,0.2507537007331848
0.045324984937906265,0.12371906638145447
0.045352619141340256,0.22329150140285492
0.04537420719861984,0.04629102721810341
0.04546741768717766,0.06526906788349152
0.04551232233643532,0.21480344235897064
0.045515306293964386,0.07373811304569244
0.045756202191114426,0.4170108139514923
0.04595041647553444,0.357541561126709
0.045950956642627716,0.407498836517334
0.04597260430455208,0.15161049365997314
0.04597610607743263,0.08690951764583588
0.04606453329324722,0.06757818907499313
0.0462922640144825,0.32409530878067017
0.04647107049822807,0.06790395081043243
0.046513669192790985,0.08428411185741425
0.046599745750427246,0.16342000663280487
0.046639569103717804,0.05290796980261803
0.046665262430906296,0.18571248650550842
0.04674733430147171,0.10484529286623001
0.046768926084041595,0.14354544878005981
0.046912480145692825,0.04950951039791107
0.047041844576597214,0.18091292679309845
0.047058168798685074,0.07055359333753586
0.047108329832553864,0.17758266627788544
0.04712039977312088,0.05889543145895004
0.04714769497513771,0.1612042784690857
0.04727260395884514,0.315242737531662
0.04727344587445259,0.11762645840644836
0.04728032276034355,0.1683274656534195
0.04737260937690735,0.09184468537569046
0.047412797808647156,0.21907679736614227
0.04742218554019928,0.08434223383665085
0.04746559262275696,0.10410816222429276
0.04748125746846199,0.09216200560331345
0.047511667013168335,0.3882903754711151
0.04752657562494278,0.0851178765296936
0.04753563925623894,0.1379719376564026
0.04756472632288933,0.3226172924041748
0.047589611262083054,0.08210692554712296
0.04762252792716026,0.08429650962352753
0.047700390219688416,0.06229725852608681
0.04771392047405243,0.46203339099884033
0.04782666265964508,0.2058306783437729
0.047830138355493546,0.5599827766418457
0.04784837365150452,0.21928483247756958
0.048004843294620514,0.3490363657474518
0.04802722856402397,0.09754595160484314
0.048144400119781494,0.16504400968551636
0.048156242817640305,0.1063508614897728
0.048267871141433716,0.09588176012039185
0.048390958458185196,0.05198340862989426
0.048420995473861694,0.12678715586662292
0.048441991209983826,0.2524508535861969
0.0486954003572464,0.08977466076612473
0.04870525747537613,0.06973778456449509
0.04891301319003105,0.2895926237106323
0.04892353340983391,0.13972777128219604
0.04898139461874962,0.14740131795406342
0.04958898201584816,0.5997433662414551
0.049696218222379684,0.07954221963882446
0.04974120110273361,0.07966253161430359
0.04974479228258133,0.051043782383203506
0.049746591597795486,0.07867821305990219
0.04995178431272507,0.06728079169988632
0.04999910295009613,0.08030654489994049
0.0500609390437603,0.0878542959690094
0.05012369155883789,0.11228303611278534
0.05013376474380493,0.11716330051422119
0.050188519060611725,0.2284250408411026
0.050267335027456284,0.17745178937911987
0.050389669835567474,0.44930699467658997
0.05043572932481766,0.13736441731452942
0.050484783947467804,0.10979187488555908
0.05052279308438301,0.06674474477767944
0.05053385719656944,0.12031681090593338
0.050742801278829575,0.1872556060552597
0.050772525370121,0.13618893921375275
0.0508064329624176,0.09245356917381287
0.05081061273813248,0.238215833902359
0.05171949043869972,0.057772718369960785
0.05173236504197121,0.08752823621034622
0.05173409730195999,0.3053993582725525
0.051742203533649445,0.09026877582073212
0.05179465934634209,0.24129344522953033
0.05181168019771576,0.08734794706106186
0.05182676389813423,0.25624433159828186
0.05211832374334335,0.3620995283126831
0.0522342287003994,0.5241186022758484
0.05226830020546913,0.23187103867530823
0.052280452102422714,0.12402015924453735
0.052418287843465805,0.056036245077848434
0.05245208367705345,0.08601177483797073
0.05262226238846779,0.11241449415683746
0.052649181336164474,0.3076097369194031
0.05269794911146164,0.11184123158454895
0.05274299532175064,0.0745854452252388
0.05274896323680878,0.2578273415565491
0.052785228937864304,0.1690218597650528
0.052888691425323486,0.14847786724567413
0.053070779889822006,0.4087674021720886
0.05319581553339958,0.05436374619603157
0.0532386377453804,0.08789331465959549
0.05327785387635231,0.12437545508146286
0.05357404425740242,0.11660385131835938
0.05372877046465874,0.4221126437187195
0.053768400102853775,0.16586977243423462
0.05390052869915962,0.10247011482715607
0.054005227982997894,0.23170916736125946
0.05403073877096176,0.3177069425582886
0.05404229834675789,0.12021169066429138
0.05454424023628235,0.10498955845832825
0.0546182356774807,0.1605166494846344
0.054723549634218216,0.3024432957172394
0.05495672672986984,0.056377243250608444
0.05500321835279465,0.25546756386756897
0.05630676820874214,0.07486549764871597
0.056450627744197845,0.2281983643770218
0.0566566027700901,0.2707640528678894
0.0567452535033226,0.1354532092809677
0.05680790916085243,0.1033838614821434
0.05712040886282921,0.3465954661369324
0.05712926760315895,0.12536850571632385
0.057130247354507446,0.1681307554244995
0.05739741027355194,0.23860442638397217
0.057638391852378845,0.16549938917160034
0.05812233313918114,0.20160451531410217
0.05819240212440491,0.06826386600732803
0.05821314454078674,0.28720739483833313
0.05858124792575836,0.4531213045120239
0.058719050139188766,0.16557453572750092
0.05878516659140587,0.20310929417610168
0.05888832360506058,0.07246633619070053
0.05889727547764778,0.08872400969266891
0.05906335264444351,0.07204534113407135
0.05908164754509926,0.08650892227888107
0.059116195887327194,0.2795727849006653
0.05937386676669121,0.34874895215034485
0.05948026478290558,0.24862347543239594
0.0594949871301651,0.10739690065383911
0.05951136723160744,0.15078210830688477
0.059631429612636566,0.07046611607074738
0.05967779457569122,0.3229486644268036
0.05975593253970146,0.21521221101284027
0.06076986715197563,0.06290961056947708
0.06079917028546333,0.2682936191558838
0.06080636754631996,0.0990670695900917
0.06092975661158562,0.08651302754878998
0.06093323603272438,0.4434698820114136
0.06096163019537926,0.46034741401672363
0.061319880187511444,0.06792405992746353
0.06138359382748604,0.39788883924484253
0.061384737491607666,0.06805571168661118
0.06141398847103119,0.29546383023262024
0.06147296354174614,0.08961763232946396
0.06153041869401932,0.15769818425178528
0.06161633878946304,0.2398407757282257
0.06166307255625725,0.15196272730827332
0.06192240118980408,0.2777443528175354
0.062249187380075455,0.3585590720176697
0.06232556328177452,0.08623301982879639
0.062348317354917526,0.3364604413509369
0.06255117058753967,0.07238724827766418
0.06280504167079926,0.06900656968355179
0.06293915957212448,0.5357008576393127
0.06302312761545181,0.5592878460884094
0.06315180659294128,0.17030736804008484
0.06316203624010086,0.17139120399951935
0.06318487972021103,0.4629180133342743
0.06326452642679214,0.1427956223487854
0.06349227577447891,0.5467199087142944
0.0635058805346489,0.12630335986614227
0.06351257115602493,0.2197318822145462
0.06381844729185104,0.14867839217185974
0.06396977603435516,0.07650198042392731
0.06399266421794891,0.11564252525568008
0.06423027068376541,0.40624403953552246
0.06424941122531891,0.22952641546726227
0.06463225930929184,0.11943096667528152
0.06471714377403259,0.12341245263814926
0.06480010598897934,0.08095882087945938
0.06539823859930038,0.20762504637241364
0.06551582366228104,0.2521640956401825
0.06572268158197403,0.1308618038892746
0.06590578705072403,0.1269921511411667
0.06599317491054535,0.32022997736930847
0.06623844057321548,0.14241857826709747
0.06647476553916931,0.14273355901241302
0.06673312932252884,0.10588257759809494
0.06683876365423203,0.402594655752182
0.06695196032524109,0.557692289352417
0.06699395179748535,0.13127583265304565
0.06727243959903717,0.074750155210495
0.06728964298963547,0.22024600207805634
0.06737357378005981,0.11193431913852692
0.06740598380565643,0.288769394159317
0.06743422150611877,0.13776664435863495
0.06803004443645477,0.7879342436790466
0.06808704137802124,0.2296852469444275
0.06820768862962723,0.10615549981594086
0.06857771426439285,0.16448459029197693
0.06860137730836868,0.261976957321167
0.06886199116706848,0.07584758847951889
0.06888885051012039,0.15639668703079224
0.06907682865858078,0.29335251450538635
0.06915063410997391,0.07187473028898239
0.06929521262645721,0.09191656112670898
0.06939875334501266,0.07945825904607773
0.06940735131502151,0.21224316954612732
0.06952402740716934,0.09276179224252701
0.06970930099487305,0.1890241950750351
0.06982690095901489,0.08010018616914749
0.06984831392765045,0.11977703869342804
0.06998110562562943,0.2109774649143219
0.0702013149857521,0.13339100778102875
0.07041504979133606,0.12906424701213837
0.07042939215898514,0.17017625272274017
0.07060113549232483,0.1454027146100998
0.070729099214077,0.1016336977481842
0.07078341394662857,0.30797117948532104
0.07078970968723297,0.12510789930820465
0.07082494348287582,0.07940155267715454
0.07125066965818405,0.11418738216161728
0.07135369628667831,0.08105626702308655
0.07144042104482651,0.3446439504623413
0.07173732668161392,0.1438421607017517
0.07179069519042969,0.14102478325366974
0.07191234827041626,0.10878335684537888
0.07191968709230423,0.30183544754981995
0.07211557775735855,0.4091421067714691
0.07213433086872101,0.30274468660354614
0.07218127697706223,0.11922810971736908
0.07223475724458694,0.13550707697868347
0.07285447418689728,0.12513747811317444
0.07305239886045456,0.2187429517507553
0.07310095429420471,0.12718982994556427
0.07314039021730423,0.1351407766342163
0.0732356384396553,0.19619318842887878
0.07360585778951645,0.1155415028333664
0.07374708354473114,0.1843855232000351
0.07387296110391617,0.09366361051797867
0.07390215247869492,0.14613673090934753
0.0739530473947525,0.1756015568971634
0.07396656274795532,0.10276272892951965
0.07431575655937195,0.2107868641614914
0.07448943704366684,0.16985958814620972
0.07452047616243362,0.07919692248106003
0.07480969280004501,0.1416531354188919
0.07486781477928162,0.07720237225294113
0.0749458447098732,0.17958499491214752
0.07502522319555283,0.4687287509441376
0.0750659704208374,0.36886367201805115
0.07519674301147461,0.14979735016822815
0.07557784765958786,0.11899774521589279
0.07567472755908966,0.22403058409690857
0.07580366730690002,0.20623303949832916
0.07612137496471405,0.1278347373008728
0.07631620764732361,0.13277773559093475
0.07631678879261017,0.1727961003780365
0.07666260004043579,0.1767612099647522
0.07668538391590118,0.13443821668624878
0.07676205039024353,0.17237220704555511
0.0768217071890831,0.1281556934118271
0.07687025517225266,0.12200744450092316
0.07709725946187973,0.18702201545238495
0.07711239159107208,0.19805224239826202
0.07726675271987915,0.09866306930780411
0.07727816700935364,0.11152040958404541
0.07742168754339218,0.2241712361574173
0.07744324207305908,0.18833008408546448
0.07751931250095367,0.2519075870513916
0.07846542447805405,0.12860769033432007
0.07881385087966919,0.09361537545919418
0.07916925102472305,0.17262791097164154
0.07936667650938034,0.17735689878463745
0.07946011424064636,0.10248929262161255
0.07955443114042282,0.10982446372509003
0.0795956701040268,0.11933733522891998
0.07987689971923828,0.08025801181793213
0.07990997284650803,0.08548372238874435
0.07992758601903915,0.14385709166526794
0.08008822798728943,0.23210498690605164
0.08021607249975204,0.09684146195650101
0.08029202371835709,0.10500925779342651
0.08030415326356888,0.35129547119140625
0.08073064684867859,0.20348834991455078
0.08075536787509918,0.08189760893583298
0.08082985877990723,0.14014753699302673
0.0813027173280716,0.17998568713665009
0.08170437812805176,0.2726219892501831
0.08174968510866165,0.49203699827194214
0.08229447901248932,0.2918228209018707
0.08234401047229767,0.11064556241035461
0.08235102891921997,0.09934809058904648
0.0824761763215065,0.13911336660385132
0.0825081393122673,0.11849439144134521
0.08288059383630753,0.15239664912223816
0.08290889114141464,0.11069097369909286
0.08298592269420624,0.09460148215293884
0.08312635123729706,0.17556217312812805
0.08363591879606247,0.20701783895492554
0.08401216566562653,0.13805149495601654
0.0841868668794632,0.2157638967037201
0.08429127186536789,0.22940237820148468
0.084538534283638,0.09251782298088074
0.08459895849227905,0.20431490242481232
0.08508042246103287,0.15235351026058197
0.08511113375425339,0.09236997365951538
0.0851469412446022,0.10404256731271744
0.08528594672679901,0.15964168310165405
0.0854957103729248,0.14415323734283447
0.0855628252029419,0.19239848852157593
0.08592892438173294,0.2815302908420563
0.08604781329631805,0.1225752905011177
0.08604937046766281,0.15836358070373535
0.08605983108282089,0.2001621574163437
0.08654239028692245,0.12133264541625977
0.08679196238517761,0.2003774642944336
0.08683261275291443,0.09791471064090729
0.08698956668376923,0.1377519965171814
0.08707091212272644,0.09865421056747437
0.08709011226892471,0.1705704927444458
0.08727780729532242,0.23552346229553223
0.08729871362447739,0.09023060649633408
0.08730736374855042,0.45196449756622314
0.08735274523496628,0.15287326276302338
0.08750222623348236,0.2531149387359619
0.08772535622119904,0.13571539521217346
0.08796602487564087,0.20052127540111542
0.08805429935455322,0.35289284586906433
0.08813467621803284,0.1838655024766922
0.08817967772483826,0.13664937019348145
0.08915801346302032,0.44835469126701355
0.08919220417737961,0.43158024549484253
0.08939573168754578,0.09062229841947556
0.08950727432966232,0.5535972714424133
0.08954416960477829,0.20544573664665222
0.08957473933696747,0.32021015882492065
0.08988485485315323,0.27601245045661926
0.09035048633813858,0.17262719571590424
0.0908154845237732,0.11429967731237411
0.09105762094259262,0.13392579555511475
0.09140676259994507,0.09645728021860123
0.09162816405296326,0.10666169971227646
0.09163010865449905,0.18419310450553894
0.09168335795402527,0.15082287788391113
0.0917900875210762,0.15374842286109924
0.09188003093004227,0.1546904295682907
0.09192537516355515,0.22830961644649506
0.09225461632013321,0.11317797750234604
0.092258021235466,0.09578164666891098
0.09242573380470276,0.13856610655784607
0.09256365895271301,0.2348943054676056
0.0928831622004509,0.18928372859954834
0.09289496392011642,0.25355803966522217
0.09327442198991776,0.452512264251709
0.09343039989471436,0.19562995433807373
0.09351972490549088,0.10657497495412827
0.09367988258600235,0.11206000298261642
0.09373994171619415,0.17592930793762207
0.09384074062108994,0.16501353681087494
0.09417340904474258,0.10250657796859741
0.09434974938631058,0.17561084032058716
0.09439503401517868,0.1192205399274826
0.09452967345714569,0.46903958916664124
0.09470503032207489,0.12175948917865753
0.09491932392120361,0.18898937106132507
0.09537717700004578,0.25057703256607056
0.09557654708623886,0.11286181956529617
0.09609855711460114,0.09917622804641724
0.09654955565929413,0.10840218514204025
0.0967455729842186,0.37231162190437317
0.09683077782392502,0.20095223188400269
0.09690453112125397,0.1938483566045761
0.09703376144170761,0.1087762787938118
0.09743738919496536,0.18088467419147491
0.09843655675649643,0.1950072944164276
0.09857041388750076,0.11147981882095337
0.09880421310663223,0.3468061089515686
0.09880834072828293,0.26384562253952026
0.09894215315580368,0.11875474452972412
0.0990477204322815,0.16717487573623657
0.09905927628278732,0.2690403163433075
0.09961613267660141,0.27699434757232666
0.09964551031589508,0.6116300225257874
0.09965125471353531,0.13754142820835114
0.10015825182199478,0.2596587538719177
0.1005614772439003,0.15296299755573273
0.1009855791926384,0.18080945312976837
0.101476289331913,0.24832260608673096
0.10148942470550537,0.11730609089136124
0.1015443354845047,0.2730503976345062
0.10172925889492035,0.2554466128349304
0.1020774096250534,0.3911469280719757
0.10252856463193893,0.1863594353199005
0.10267338156700134,0.20583195984363556
0.10281717032194138,0.532194197177887
0.10306046903133392,0.1656748354434967
0.10332200676202774,0.13975809514522552
0.10343126207590103,0.19400151073932648
0.10369399935007095,0.15037794411182404
0.10387349873781204,0.19543756544589996
0.10405955463647842,0.19830603897571564
0.10406354814767838,0.1354319006204605
0.10409747064113617,0.22350789606571198
0.10430401563644409,0.14200448989868164
0.10497329384088516,0.10633135586977005
0.1055997759103775,0.3361515700817108
0.10565655678510666,0.14563673734664917
0.10599404573440552,0.15078237652778625
0.10604574531316757,0.3313329815864563
0.1063099056482315,0.12985098361968994
0.10636519640684128,0.17574328184127808
0.106585294008255,0.15873754024505615
0.10668384283781052,0.12853042781352997
0.10679371654987335,0.10723534226417542
0.1070142611861229,0.1162998154759407
0.10760129988193512,0.1565028578042984
0.10800446569919586,0.1627347618341446
0.10807275027036667,0.3131512701511383
0.1082075983285904,0.16570034623146057
0.10847161710262299,0.1623985469341278
0.10851280391216278,0.370861291885376
0.10854164510965347,0.24333035945892334
0.10893325507640839,0.4838937819004059
0.10900771617889404,0.24571053683757782
0.10920227319002151,0.1332060843706131
0.11019299179315567,0.2633577883243561
0.11049763113260269,0.24045796692371368
0.11074252426624298,0.3533778190612793
0.1108243316411972,0.1119019016623497
0.11159945279359818,0.13352972269058228
0.11163284629583359,0.17354397475719452
0.11163369566202164,0.15738599002361298
0.112080879509449,0.15841469168663025
0.11234280467033386,0.14748267829418182
0.11362563073635101,0.33598092198371887
0.1137528270483017,0.49855563044548035
0.11379345506429672,0.311933308839798
0.11387608200311661,0.2665891647338867
0.11396744847297668,0.14405204355716705
0.11418409645557404,0.15360522270202637
0.11428723484277725,0.2133098542690277
0.11429751664400101,0.16716301441192627
0.11453578621149063,0.12175136059522629
0.11492812633514404,0.1693187803030014
0.11493128538131714,0.2649836242198944
0.11509760469198227,0.1708342283964157
0.1153196170926094,0.14550603926181793
0.11540821939706802,0.6078343987464905
0.11549226939678192,0.471967875957489
0.1157618910074234,0.2513309717178345
0.11589129269123077,0.5443660616874695
0.1159965917468071,0.2666381299495697
0.11606031656265259,0.11731550842523575
0.11609440296888351,0.3119177520275116
0.1169055625796318,0.29890432953834534
0.11739416420459747,0.3011162281036377
0.11752256751060486,0.12742578983306885
0.11768795549869537,0.13468390703201294
0.1177615150809288,0.3297918140888214
0.11781691759824753,0.49859893321990967
0.11783444881439209,0.6080565452575684
0.11787980049848557,0.2062898576259613
0.11821671575307846,0.15669429302215576
0.11826498806476593,0.12355265766382217
0.11885806173086166,0.21594901382923126
0.11885959655046463,0.26677313446998596
0.11917594075202942,0.12101072072982788
0.11928773671388626,0.13773147761821747
0.11936134845018387,0.1838984340429306
0.11958461254835129,0.1599404513835907
0.1196572557091713,0.42378777265548706
0.12018048763275146,0.16026678681373596
0.12034478783607483,0.2276197075843811
0.12058180570602417,0.12255026400089264
0.12093359231948853,0.16350260376930237
0.12097542732954025,0.38572168350219727
0.12110812962055206,0.21501129865646362
0.12121961265802383,0.2866354286670685
0.12250448763370514,0.6049793362617493
0.12262939661741257,0.18240250647068024
0.12292639166116714,0.3100053071975708
0.12415985763072968,0.6791684031486511
0.1245715543627739,0.22564245760440826
0.124788798391819,0.15470066666603088
0.12479569017887115,0.13206161558628082
0.12538397312164307,0.2981807589530945
0.12567093968391418,0.12910252809524536
0.1264708787202835,0.14266514778137207
0.12650474905967712,0.2729194462299347
0.12668535113334656,0.21915148198604584
0.12670248746871948,0.1688498705625534
0.12670722603797913,0.17687267065048218
0.12673123180866241,0.23313577473163605
0.12705042958259583,0.7027732729911804
0.1274261623620987,0.16799777746200562
0.12771224975585938,0.650833785533905
0.128632053732872,0.17580702900886536
0.1289694607257843,0.6306227445602417
0.12935344874858856,0.1920325607061386
0.12941157817840576,0.25156134366989136
0.1297927051782608,0.3478895425796509
0.1298995316028595,0.18944835662841797
0.1299690157175064,0.3947906792163849
0.13019034266471863,0.4247736632823944
0.13061901926994324,0.5583563446998596
0.13116100430488586,0.15953011810779572
0.13152547180652618,0.16488969326019287
0.13256846368312836,0.4682815968990326
0.13263019919395447,0.2536843717098236
0.1326780617237091,0.24109242856502533
0.13317857682704926,0.3609296381473541
0.13377520442008972,0.660108745098114
0.13419057428836823,0.6860583424568176
0.13421088457107544,0.4120544493198395
0.13451310992240906,0.16153420507907867
0.13470347225666046,0.3891828954219818
0.13494068384170532,0.26062101125717163
0.13530957698822021,0.2784658968448639
0.13581934571266174,0.15940070152282715
0.13594263792037964,0.147489994764328
0.1363803744316101,0.4260962903499603
0.13662858307361603,0.16280044615268707
0.13693664968013763,0.2288317084312439
0.1370232254266739,0.15845328569412231
0.13718216121196747,0.3460030257701874
0.1381315439939499,0.24812990427017212
0.1385129988193512,0.5140041708946228
0.1396484673023224,0.16705240309238434
0.1397315263748169,0.15090180933475494
0.14022035896778107,0.20185890793800354
0.14215463399887085,0.23317353427410126
0.14236274361610413,0.15035384893417358
0.14246690273284912,0.16590996086597443
0.1427156925201416,0.16483262181282043
0.142988383769989,0.27265462279319763
0.14332270622253418,0.23367364704608917
0.14430798590183258,0.22303156554698944
0.14441482722759247,0.2952477037906647
0.14471791684627533,0.2585991621017456
0.1451450139284134,0.24613183736801147
0.1452818512916565,0.32253387570381165
0.14559192955493927,0.14616553485393524
0.14567746222019196,0.5730092525482178
0.14581911265850067,0.7535342574119568
0.14615951478481293,0.5266188383102417
0.14620643854141235,0.3452250063419342
0.14726638793945312,0.2976672649383545
0.14765220880508423,0.22224465012550354
0.14853757619857788,0.4944114685058594
0.1492130160331726,0.1549001783132553
0.14935283362865448,0.2793247401714325
0.14967934787273407,0.3228835165500641
0.15053720772266388,0.24380573630332947
0.15063735842704773,0.1766502559185028
0.1508367508649826,0.17178939282894135
0.1516796201467514,0.1906754970550537
0.1519230604171753,0.23367339372634888
0.15204079449176788,0.18458817899227142
0.15221849083900452,0.17410220205783844
0.15254424512386322,0.17686939239501953
0.15331044793128967,0.27179133892059326
0.15371853113174438,0.4650014638900757
0.15417727828025818,0.2781772315502167
0.15425625443458557,0.21345695853233337
0.1551450788974762,0.3248201608657837
0.15591947734355927,0.3461187183856964
0.15597698092460632,0.2665407359600067
0.1561935395002365,0.2879354953765869
0.15650755167007446,0.3406692147254944
0.1569277048110962,0.27231812477111816
0.1569691151380539,0.331319123506546
0.15752948820590973,0.18746325373649597
0.15838341414928436,0.16128650307655334
0.1584821194410324,0.18087729811668396
0.15945573151111603,0.6541621685028076
0.15972717106342316,0.42662665247917175
0.16016562283039093,0.24381011724472046
0.1602940559387207,0.2619434893131256
0.1606237292289734,0.21158167719841003
0.1606416553258896,0.2113528549671173
0.16124628484249115,0.36502453684806824
0.16127367317676544,0.30327340960502625
0.16214339435100555,0.2341025471687317
0.16271336376667023,0.18427056074142456
0.16321976482868195,0.3120623528957367
0.16398382186889648,0.2640528678894043
0.16451653838157654,0.22252433001995087
0.16472174227237701,0.17243067920207977
0.16479149460792542,0.18715634942054749
0.16526494920253754,0.3421630859375
0.16532166302204132,0.4126623570919037
0.16533036530017853,0.25621166825294495
0.16759049892425537,0.17132368683815002
0.16841094195842743,0.191792294383049
0.16920804977416992,0.559579610824585
0.16930155456066132,0.22966521978378296
0.16977429389953613,0.17927123606204987
0.17004665732383728,0.37473344802856445
0.17007184028625488,0.2753481864929199
0.1702943593263626,0.22872327268123627
0.1706763058900833,0.2834010124206543
0.17137864232063293,0.19548216462135315
0.1715436726808548,0.3461016118526459
0.1716407835483551,0.5495553612709045
0.17177970707416534,0.21849043667316437
0.17231802642345428,0.40218740701675415
0.17261318862438202,0.2204119712114334
0.17268499732017517,0.3141223192214966
0.17269326746463776,0.20622777938842773
0.17307080328464508,0.27241283655166626
0.1738840639591217,0.3107646107673645
0.17426025867462158,0.29296284914016724
0.1749144047498703,0.3410343527793884
0.17533685266971588,0.2678597569465637
0.17615407705307007,0.26410287618637085
0.17647545039653778,0.22574752569198608
0.17785783112049103,0.2020445168018341
0.17791345715522766,0.22949762642383575
0.17909492552280426,0.4185596704483032
0.17966656386852264,0.4504659175872803
0.18129462003707886,0.2845959961414337
0.18130779266357422,0.27963775396347046
0.18179842829704285,0.3710487484931946
0.18265855312347412,0.47465866804122925
0.18330946564674377,0.2614373564720154
0.1844063103199005,0.28426429629325867
0.18520787358283997,0.2004292756319046
0.18596433103084564,0.2137231081724167
0.18603749573230743,0.4660826027393341
0.18731926381587982,0.5153172016143799
0.1878356784582138,0.32974469661712646
0.18911781907081604,0.6024250388145447
0.1898302584886551,0.19255496561527252
0.1903952658176422,0.3513498306274414
0.1910523623228073,0.42903009057044983
0.19128960371017456,0.25790414214134216
0.19138967990875244,0.2262396514415741
0.19317865371704102,0.37140023708343506
0.19358642399311066,0.2968077063560486
0.1941717565059662,0.561523973941803
0.1972479522228241,0.2705135643482208
0.1981261521577835,0.22529329359531403
0.1983308494091034,0.33090463280677795
0.19878044724464417,0.25986191630363464
0.20015974342823029,0.26914486289024353
0.20031265914440155,0.5506371259689331
0.20049670338630676,0.2530241012573242
0.20129558444023132,0.24019095301628113
0.20310331881046295,0.35492169857025146
0.20520800352096558,0.22615833580493927
0.20596624910831451,0.4502924978733063
0.20626521110534668,0.4575400948524475
0.20665013790130615,0.3997558653354645
0.20691975951194763,0.3703802227973938
0.20762591063976288,0.5086278319358826
0.20848079025745392,0.3186163008213043
0.2086828202009201,0.2813989818096161
0.20891551673412323,0.331039160490036
0.2089678794145584,0.7270544767379761
0.21012897789478302,0.29051005840301514
0.21041880548000336,0.25244423747062683
0.21068815886974335,0.2720356285572052
0.21143579483032227,0.5276657938957214
0.21203799545764923,0.25458693504333496
0.21208779513835907,0.572526216506958
0.21339119970798492,0.3548748195171356
0.21682268381118774,0.22606585919857025
0.21849416196346283,0.5361098051071167
0.21919068694114685,0.29166051745414734
0.2192554622888565,0.3413606286048889
0.21959495544433594,0.3986413776874542
0.22045037150382996,0.4862666726112366
0.2225332260131836,0.24885764718055725
0.2239927053451538,0.6003468632698059
0.22484421730041504,0.6593330502510071
0.225185826420784,0.48418888449668884
0.2254064530134201,0.30582571029663086
0.2277897596359253,0.5608896613121033
0.22792823612689972,0.24835126101970673
0.22855423390865326,0.3452102541923523
0.22996340692043304,0.3091180622577667
0.23005695641040802,0.23721595108509064
0.230150043964386,0.277765691280365
0.23098672926425934,0.32743197679519653
0.2319323569536209,0.3818824887275696
0.23209384083747864,0.2691105306148529
0.23233672976493835,0.44698968529701233
0.23252271115779877,0.26260483264923096
0.23270770907402039,0.5275123119354248
0.23559412360191345,0.39242956042289734
0.23897559940814972,0.25533413887023926
0.23904183506965637,0.29364269971847534
0.23916494846343994,0.3855588734149933
0.23994915187358856,0.267721563577652
0.24037061631679535,0.5506715178489685
0.24274346232414246,0.5680108070373535
0.24641144275665283,0.6190613508224487
0.24641229212284088,0.3750990331172943
0.24709320068359375,0.4135136604309082
0.24744218587875366,0.5255236029624939
0.25019708275794983,0.2738184928894043
0.25051915645599365,0.5515273809432983
0.2508757412433624,0.3280559480190277
0.2540436089038849,0.37970811128616333
0.25600290298461914,0.26504531502723694
0.25832661986351013,0.2984839677810669
0.26226359605789185,0.7863866090774536
0.2630167007446289,0.3158954381942749
0.26756060123443604,0.31823161244392395
0.26783475279808044,0.75965416431427
0.2683027982711792,0.5564478635787964
0.26873478293418884,0.3948618769645691
0.2687804102897644,0.323086142539978
0.2714430093765259,0.4932187795639038
0.27238956093788147,0.6525743007659912
0.2755766212940216,0.7075818181037903
0.2756410837173462,0.5181300044059753
0.27983883023262024,0.28822600841522217
0.2802378237247467,0.3689269423484802
0.2803897261619568,0.4553205370903015
0.2804866135120392,0.5471936464309692
0.2805083096027374,0.3191227316856384
0.2848004400730133,0.3631301820278168
0.28688421845436096,0.5732538104057312
0.28715696930885315,0.4153285026550293
0.28886064887046814,0.3940953314304352
0.2889207601547241,0.3365032970905304
0.2890374958515167,0.30867689847946167
0.2901651859283447,0.3231903314590454
0.2954079210758209,0.45625007152557373
0.2958725094795227,0.5353273153305054
0.29846546053886414,0.77608323097229
0.2993105351924896,0.5021266937255859
0.30037206411361694,0.7783191204071045
0.3027188777923584,0.3642399311065674
0.30496808886528015,0.3585933744907379
0.31461215019226074,0.35995933413505554
0.3150993883609772,0.41335028409957886
0.3182642459869385,0.5706005096435547
0.3201931416988373,0.7428675293922424
0.32069703936576843,0.4582969844341278
0.320992112159729,0.5092177987098694
0.3213771879673004,0.49789556860923767
0.32175713777542114,0.36591479182243347
0.3230288028717041,0.43241506814956665
0.3232916295528412,0.4691271483898163
0.3242325484752655,0.3728450536727905
0.3269461691379547,0.4737538695335388
0.33092114329338074,0.43429112434387207
0.3407866954803467,0.7060178518295288
0.3410079777240753,0.3810650706291199
0.34131377935409546,0.3932853937149048
0.3430737555027008,0.43568333983421326
0.34312203526496887,0.40372517704963684
0.3443125784397125,0.5523065328598022
0.34510987997055054,0.614574134349823
0.36149173974990845,0.6455493569374084
0.3623546361923218,0.3954114615917206
0.3677566945552826,0.5804557204246521
0.38525205850601196,0.4909901022911072
0.3896169364452362,0.39144423604011536
0.3910267949104309,0.3921284079551697
0.3931974768638611,0.4217645227909088
0.3966731131076813,0.583981454372406
0.398067444562912,0.45080190896987915
0.39993610978126526,0.5130894780158997
0.40812113881111145,0.5546517968177795
0.4131269156932831,0.5121486186981201
0.4275975525379181,0.518593966960907
0.4293474555015564,0.46076300740242004
0.4346768260002136,0.46487995982170105
0.44527119398117065,0.4917086958885193
0.4472928047180176,0.49538862705230713
0.46336668729782104,0.5326773524284363
0.4757451117038727,0.7781261801719666
0.4795685410499573,0.5629407167434692
0.500798761844635,0.5250288248062134
0.505759596824646,0.5221685171127319
0.5211619138717651,0.5516682863235474
0.5282122492790222,0.6407145857810974
0.5352177619934082,0.5732777118682861
0.6245156526565552,0.7941708564758301
0.7085574865341187,0.7454566955566406
1.8143402485293336e-05,0.9787641167640686
